Byte pair, Frequency
(67, 111), -> [4]
(111, 112), -> [243]
(112, 121), -> [6]
(337, 97), -> [4]
(97, 272), -> [57]
(272, 101), -> [27]
(346, 105), -> [24]
(105, 107), -> [44]
(107, 105), -> [25]
(105, 112), -> [47]
(112, 260), -> [27]
(260, 105), -> [41]
(105, 97), -> [103]
(32, 265), -> [101]
(265, 116), -> [207]
(116, 307), -> [68]
(307, 347), -> [7]
(278, 300), -> [255]
(311, 115), -> [118]
(345, 101), -> [122]
(101, 98), -> [158]
(49, 54), -> [62]
(45, 45), -> [2]
(45, 10), -> [1]
(10, 10), -> [13]
(77, 97), -> [8]
(97, 259), -> [83]
(344, 290), -> [1]
(290, 117), -> [7]
(87, 105), -> [5]
(97, 84), -> [1]
(84, 263), -> [68]
(345, 333), -> [4]
(333, 101), -> [33]
(32, 69), -> [203]
(69, 110), -> [36]
(110, 99), -> [25]
(99, 121), -> [17]
(121, 99), -> [2]
(99, 108), -> [35]
(108, 111), -> [134]
(83, 101), -> [29]
(101, 265), -> [186]
(265, 285), -> [109]
(67, 333), -> [1]
(333, 287), -> [35]
(287, 101), -> [66]
(311, 99), -> [61]
(99, 99), -> [56]
(99, 309), -> [12]
(309, 110), -> [176]
(110, 116), -> [188]
(76, 111), -> [26]
(111, 103), -> [83]
(80, 256), -> [26]
(256, 115), -> [219]
(115, 262), -> [69]
(262, 269), -> [9]
(348, 111), -> [8]
(111, 108), -> [168]
(108, 115), -> [29]
(67, 262), -> [8]
(262, 116), -> [42]
(116, 290), -> [32]
(290, 116), -> [227]
(116, 115), -> [154]
(331, 105), -> [25]
(105, 100), -> [204]
(100, 101), -> [188]
(40, 84), -> [1]
(84, 111), -> [11]
(41, 10), -> [40]
(76, 105), -> [71]
(105, 102), -> [57]
(102, 101), -> [24]
(349, 265), -> [20]
(265, 101), -> [59]
(101, 256), -> [24]
(103, 103), -> [20]
(103, 347), -> [11]
(32, 76), -> [228]
(306, 117), -> [70]
(117, 98), -> [62]
(98, 115), -> [17]
(115, 310), -> [10]
(310, 116), -> [100]
(116, 338), -> [65]
(65, 114), -> [13]
(114, 116), -> [40]
(116, 105), -> [221]
(105, 272), -> [248]
(272, 114), -> [60]
(114, 121), -> [159]
(318, 116), -> [37]
(65, 99), -> [6]
(99, 111), -> [41]
(108, 97), -> [86]
(97, 100), -> [225]
(100, 289), -> [40]
(311, 323), -> [4]
(323, 101), -> [8]
(101, 118), -> [95]
(118, 291), -> [5]
(291, 290), -> [27]
(67, 117), -> [2]
(117, 108), -> [123]
(108, 116), -> [55]
(116, 117), -> [71]
(117, 114), -> [171]
(114, 269), -> [30]
(32, 272), -> [116]
(272, 287), -> [17]
(287, 353), -> [7]
(320, 117), -> [9]
(87, 101), -> [10]
(101, 269), -> [29]
(269, 116), -> [12]
(116, 104), -> [290]
(346, 101), -> [78]
(68, 105), -> [8]
(105, 115), -> [307]
(115, 99), -> [31]
(103, 114), -> [72]
(114, 97), -> [229]
(97, 112), -> [81]
(112, 104), -> [67]
(104, 121), -> [36]
(70, 105), -> [10]
(105, 108), -> [109]
(108, 109), -> [38]
(109, 111), -> [15]
(84, 309), -> [2]
(309, 114), -> [179]
(114, 115), -> [18]
(101, 101), -> [102]
(32, 269), -> [153]
(269, 115), -> [45]
(115, 111), -> [57]
(70, 111), -> [11]
(111, 111), -> [107]
(111, 116), -> [210]
(116, 110), -> [17]
(110, 111), -> [53]
(116, 289), -> [5]
(82, 101), -> [20]
(101, 102), -> [42]
(102, 256), -> [23]
(256, 290), -> [12]
(290, 99), -> [47]
(99, 289), -> [51]
(274, 101), -> [106]
(69, 120), -> [20]
(120, 116), -> [25]
(116, 256), -> [189]
(256, 110), -> [35]
(110, 269), -> [18]
(32, 108), -> [123]
(108, 259), -> [31]
(259, 107), -> [14]
(107, 115), -> [50]
(49, 51), -> [106]
(51, 54), -> [18]
(108, 266), -> [38]
(266, 103), -> [29]
(103, 117), -> [202]
(117, 97), -> [1]
(97, 103), -> [80]
(103, 289), -> [17]
(84, 269), -> [1]
(269, 107), -> [10]
(101, 97), -> [85]
(86, 105), -> [48]
(105, 101), -> [155]
(101, 119), -> [216]
(306, 309), -> [17]
(114, 99), -> [8]
(99, 101), -> [121]
(272, 258), -> [41]
(258, 121), -> [60]
(101, 287), -> [33]
(287, 117), -> [30]
(114, 260), -> [45]
(80, 97), -> [36]
(103, 101), -> [107]
(306, 291), -> [1]
(291, 105), -> [9]
(45, 112), -> [18]
(112, 114), -> [39]
(114, 111), -> [199]
(116, 310), -> [3]
(116, 260), -> [63]
(70, 313), -> [4]
(276, 333), -> [8]
(32, 290), -> [36]
(70, 258), -> [2]
(269, 98), -> [112]
(98, 117), -> [230]
(117, 109), -> [281]
(306, 101), -> [27]
(41, 294), -> [3]
(80, 258), -> [5]
(258, 116), -> [65]
(116, 114), -> [165]
(97, 335), -> [15]
(349, 111), -> [33]
(111, 99), -> [107]
(99, 107), -> [99]
(107, 116), -> [3]
(116, 97), -> [52]
(97, 105), -> [105]
(32, 100), -> [247]
(100, 114), -> [16]
(114, 289), -> [72]
(289, 115), -> [166]
(83, 282), -> [50]
(32, 287), -> [133]
(297, 84), -> [23]
(84, 86), -> [29]
(32, 86), -> [161]
(101, 111), -> [97]
(297, 353), -> [126]
(353, 307), -> [221]
(267, 119), -> [110]
(119, 341), -> [125]
(341, 115), -> [80]
(66, 258), -> [1]
(258, 110), -> [11]
(9, 334), -> [1]
(267, 108), -> [95]
(108, 105), -> [150]
(68, 310), -> [55]
(310, 315), -> [195]
(49, 57), -> [125]
(57, 56), -> [44]
(51, 52), -> [22]
(101, 272), -> [145]
(100, 295), -> [70]
(32, 80), -> [302]
(80, 290), -> [17]
(290, 110), -> [66]
(110, 115), -> [41]
(115, 121), -> [17]
(121, 108), -> [35]
(108, 118), -> [28]
(118, 266), -> [17]
(266, 105), -> [42]
(32, 85), -> [119]
(85, 83), -> [46]
(79, 99), -> [200]
(99, 117), -> [17]
(117, 112), -> [46]
(112, 287), -> [3]
(287, 338), -> [171]
(338, 115), -> [60]
(83, 295), -> [4]
(295, 256), -> [40]
(45, 115), -> [31]
(262, 103), -> [202]
(103, 119), -> [80]
(119, 270), -> [83]
(270, 116), -> [177]
(337, 114), -> [74]
(111, 100), -> [116]
(100, 117), -> [69]
(117, 99), -> [70]
(99, 256), -> [45]
(100, 105), -> [124]
(105, 114), -> [176]
(114, 310), -> [111]
(116, 258), -> [45]
(32, 98), -> [280]
(98, 353), -> [8]
(353, 259), -> [17]
(259, 289), -> [23]
(115, 119), -> [5]
(119, 288), -> [2]
(288, 266), -> [30]
(99, 116), -> [282]
(89, 101), -> [72]
(265, 115), -> [38]
(105, 118), -> [152]
(118, 101), -> [163]
(257, 48), -> [171]
(226, 128), -> [97]
(128, 147), -> [54]
(147, 112), -> [2]
(289, 290), -> [12]
(87, 258), -> [2]
(258, 107), -> [70]
(65, 108), -> [6]
(108, 98), -> [65]
(109, 115), -> [81]
(115, 115), -> [100]
(115, 295), -> [29]
(295, 108), -> [23]
(108, 289), -> [99]
(103, 115), -> [49]
(115, 118), -> [1]
(118, 105), -> [121]
(111, 115), -> [119]
(115, 112), -> [28]
(112, 256), -> [37]
(256, 102), -> [48]
(102, 258), -> [79]
(258, 109), -> [67]
(109, 266), -> [66]
(266, 99), -> [65]
(101, 108), -> [203]
(108, 287), -> [38]
(287, 105), -> [27]
(118, 289), -> [22]
(65, 117), -> [40]
(117, 272), -> [233]
(272, 259), -> [10]
(98, 114), -> [142]
(104, 256), -> [93]
(77, 265), -> [41]
(265, 106), -> [3]
(106, 258), -> [5]
(258, 105), -> [18]
(345, 259), -> [8]
(259, 108), -> [4]
(108, 280), -> [24]
(114, 308), -> [17]
(308, 109), -> [4]
(65, 119), -> [2]
(9, 70), -> [1]
(70, 117), -> [7]
(117, 301), -> [11]
(77, 353), -> [7]
(307, 269), -> [27]
(79, 270), -> [9]
(270, 103), -> [19]
(103, 259), -> [10]
(9, 78), -> [1]
(78, 336), -> [2]
(336, 104), -> [55]
(104, 118), -> [37]
(118, 342), -> [42]
(342, 101), -> [42]
(278, 290), -> [29]
(110, 289), -> [39]
(115, 101), -> [126]
(71, 290), -> [12]
(290, 114), -> [5]
(80, 111), -> [78]
(349, 309), -> [51]
(276, 111), -> [19]
(108, 107), -> [30]
(32, 114), -> [164]
(110, 287), -> [17]
(73, 110), -> [139]
(110, 272), -> [8]
(114, 117), -> [174]
(109, 290), -> [51]
(86, 111), -> [27]
(99, 269), -> [35]
(32, 103), -> [104]
(117, 335), -> [30]
(335, 265), -> [22]
(98, 266), -> [12]
(266, 106), -> [5]
(106, 111), -> [12]
(337, 105), -> [8]
(105, 266), -> [89]
(266, 111), -> [13]
(32, 117), -> [40]
(117, 107), -> [7]
(107, 117), -> [5]
(117, 347), -> [5]
(347, 347), -> [3]
(76, 97), -> [32]
(97, 98), -> [55]
(98, 101), -> [93]
(82, 67), -> [3]
(67, 65), -> [5]
(101, 112), -> [201]
(112, 117), -> [57]
(98, 108), -> [47]
(108, 307), -> [30]
(314, 298), -> [29]
(297, 97), -> [57]
(97, 285), -> [35]
(285, 259), -> [15]
(259, 101), -> [69]
(115, 335), -> [21]
(335, 101), -> [25]
(9, 119), -> [1]
(119, 119), -> [2]
(46, 116), -> [1]
(116, 300), -> [2]
(300, 115), -> [3]
(115, 282), -> [3]
(46, 99), -> [8]
(99, 288), -> [24]
(69, 100), -> [20]
(100, 335), -> [15]
(261, 104), -> [127]
(104, 105), -> [130]
(100, 287), -> [27]
(287, 97), -> [13]
(83, 298), -> [1]
(298, 110), -> [29]
(117, 333), -> [33]
(98, 258), -> [15]
(339, 310), -> [152]
(32, 105), -> [110]
(32, 266), -> [75]
(267, 109), -> [76]
(109, 256), -> [111]
(256, 307), -> [88]
(307, 266), -> [79]
(306, 295), -> [86]
(354, 256), -> [51]
(32, 118), -> [87]
(118, 256), -> [129]
(115, 287), -> [9]
(105, 347), -> [18]
(306, 262), -> [82]
(116, 295), -> [65]
(116, 333), -> [15]
(333, 112), -> [17]
(114, 290), -> [17]
(290, 101), -> [15]
(101, 117), -> [19]
(115, 104), -> [66]
(331, 97), -> [46]
(97, 118), -> [89]
(332, 102), -> [23]
(102, 108), -> [22]
(108, 117), -> [65]
(117, 290), -> [28]
(99, 260), -> [22]
(344, 353), -> [95]
(332, 100), -> [19]
(337, 111), -> [85]
(108, 265), -> [26]
(349, 117), -> [15]
(108, 335), -> [26]
(335, 307), -> [6]
(307, 115), -> [32]
(331, 256), -> [235]
(98, 106), -> [7]
(106, 310), -> [15]
(32, 273), -> [150]
(273, 100), -> [12]
(289, 112), -> [21]
(112, 333), -> [5]
(333, 97), -> [77]
(344, 260), -> [14]
(349, 351), -> [9]
(351, 256), -> [44]
(256, 97), -> [16]
(101, 103), -> [42]
(103, 266), -> [22]
(111, 102), -> [21]
(102, 289), -> [7]
(115, 338), -> [62]
(338, 269), -> [36]
(49, 52), -> [83]
(306, 298), -> [14]
(110, 260), -> [28]
(273, 116), -> [152]
(274, 310), -> [63]
(310, 258), -> [110]
(258, 100), -> [126]
(100, 115), -> [57]
(98, 310), -> [40]
(310, 288), -> [16]
(288, 101), -> [35]
(264, 263), -> [96]
(32, 333), -> [130]
(333, 347), -> [40]
(347, 336), -> [46]
(336, 260), -> [37]
(306, 105), -> [16]
(105, 120), -> [18]
(272, 117), -> [19]
(117, 100), -> [71]
(105, 111), -> [45]
(117, 110), -> [213]
(110, 100), -> [118]
(100, 256), -> [47]
(276, 309), -> [22]
(268, 109), -> [9]
(272, 265), -> [31]
(32, 110), -> [137]
(110, 101), -> [209]
(101, 120), -> [65]
(265, 108), -> [37]
(41, 44), -> [31]
(32, 101), -> [115]
(120, 112), -> [27]
(112, 296), -> [6]
(296, 260), -> [3]
(32, 335), -> [31]
(335, 115), -> [31]
(76, 351), -> [34]
(351, 101), -> [17]
(264, 116), -> [195]
(89, 309), -> [46]
(314, 101), -> [62]
(108, 262), -> [15]
(297, 101), -> [26]
(349, 287), -> [10]
(344, 97), -> [48]
(259, 272), -> [9]
(272, 333), -> [23]
(97, 109), -> [247]
(276, 97), -> [17]
(109, 101), -> [122]
(264, 112), -> [63]
(112, 101), -> [51]
(97, 107), -> [116]
(321, 111), -> [75]
(111, 119), -> [186]
(102, 353), -> [3]
(353, 260), -> [6]
(340, 104), -> [73]
(274, 260), -> [23]
(256, 105), -> [18]
(105, 109), -> [202]
(108, 310), -> [17]
(114, 262), -> [8]
(262, 307), -> [13]
(108, 291), -> [7]
(276, 101), -> [28]
(276, 105), -> [97]
(114, 272), -> [72]
(314, 342), -> [196]
(342, 98), -> [192]
(98, 111), -> [210]
(111, 341), -> [192]
(354, 111), -> [61]
(49, 48), -> [183]
(48, 48), -> [128]
(110, 117), -> [59]
(109, 286), -> [42]
(45, 262), -> [15]
(262, 101), -> [109]
(318, 101), -> [8]
(321, 101), -> [132]
(69, 118), -> [34]
(32, 71), -> [277]
(71, 283), -> [9]
(283, 116), -> [39]
(314, 97), -> [13]
(97, 99), -> [139]
(278, 111), -> [81]
(103, 283), -> [12]
(283, 104), -> [15]
(112, 265), -> [18]
(109, 97), -> [32]
(306, 121), -> [6]
(121, 110), -> [29]
(112, 111), -> [45]
(112, 112), -> [68]
(112, 258), -> [37]
(98, 121), -> [84]
(32, 285), -> [37]
(285, 265), -> [31]
(45, 116), -> [5]
(116, 111), -> [236]
(112, 295), -> [9]
(83, 104), -> [7]
(104, 97), -> [35]
(107, 101), -> [63]
(32, 73), -> [264]
(73, 116), -> [33]
(32, 79), -> [247]
(79, 102), -> [24]
(102, 102), -> [63]
(34, 44), -> [69]
(66, 108), -> [16]
(266, 107), -> [29]
(112, 97), -> [28]
(66, 97), -> [8]
(314, 108), -> [31]
(297, 260), -> [10]
(306, 99), -> [10]
(99, 114), -> [10]
(117, 116), -> [156]
(116, 259), -> [15]
(259, 121), -> [3]
(332, 115), -> [9]
(112, 105), -> [41]
(45, 104), -> [6]
(104, 111), -> [59]
(45, 259), -> [4]
(259, 102), -> [2]
(116, 287), -> [45]
(295, 347), -> [35]
(111, 107), -> [37]
(346, 104), -> [30]
(104, 287), -> [94]
(32, 89), -> [152]
(339, 111), -> [32]
(292, 10), -> [1]
(65, 279), -> [3]
(279, 256), -> [28]
(110, 295), -> [24]
(32, 310), -> [5]
(310, 108), -> [2]
(311, 117), -> [9]
(111, 98), -> [61]
(98, 105), -> [21]
(104, 307), -> [11]
(100, 111), -> [41]
(116, 265), -> [26]
(265, 121), -> [267]
(297, 105), -> [40]
(266, 97), -> [34]
(272, 121), -> [14]
(345, 111), -> [23]
(107, 296), -> [20]
(296, 101), -> [22]
(256, 109), -> [31]
(109, 258), -> [19]
(258, 101), -> [63]
(98, 100), -> [2]
(117, 260), -> [5]
(100, 110), -> [29]
(110, 298), -> [28]
(298, 104), -> [82]
(104, 116), -> [76]
(45, 114), -> [14]
(100, 260), -> [43]
(98, 116), -> [1]
(116, 335), -> [5]
(335, 108), -> [3]
(108, 260), -> [27]
(86, 256), -> [33]
(311, 279), -> [15]
(116, 101), -> [93]
(278, 263), -> [225]
(263, 115), -> [14]
(306, 112), -> [31]
(97, 119), -> [22]
(119, 110), -> [44]
(67, 114), -> [7]
(117, 101), -> [46]
(264, 117), -> [27]
(109, 109), -> [65]
(67, 341), -> [6]
(341, 298), -> [6]
(298, 266), -> [6]
(87, 342), -> [6]
(342, 111), -> [4]
(65, 110), -> [8]
(45, 72), -> [7]
(72, 256), -> [9]
(256, 111), -> [6]
(65, 301), -> [10]
(101, 301), -> [69]
(73, 115), -> [63]
(79, 118), -> [11]
(63, 292), -> [12]
(69, 114), -> [42]
(114, 336), -> [39]
(278, 309), -> [69]
(288, 112), -> [25]
(112, 266), -> [16]
(266, 121), -> [37]
(121, 295), -> [10]
(349, 262), -> [57]
(262, 99), -> [30]
(256, 116), -> [55]
(310, 97), -> [44]
(331, 298), -> [28]
(298, 263), -> [26]
(263, 272), -> [26]
(45, 103), -> [16]
(261, 309), -> [34]
(269, 108), -> [68]
(261, 105), -> [20]
(112, 310), -> [23]
(101, 352), -> [17]
(331, 336), -> [53]
(256, 269), -> [17]
(117, 285), -> [14]
(76, 262), -> [8]
(80, 262), -> [4]
(262, 100), -> [25]
(264, 289), -> [6]
(267, 301), -> [36]
(264, 104), -> [33]
(104, 258), -> [12]
(345, 105), -> [37]
(79, 110), -> [32]
(340, 258), -> [34]
(258, 108), -> [51]
(108, 100), -> [141]
(301, 295), -> [78]
(307, 105), -> [58]
(266, 115), -> [55]
(316, 118), -> [26]
(344, 342), -> [44]
(342, 338), -> [61]
(306, 111), -> [31]
(101, 290), -> [46]
(110, 97), -> [60]
(109, 260), -> [45]
(71, 108), -> [29]
(98, 269), -> [25]
(104, 333), -> [21]
(109, 289), -> [60]
(345, 260), -> [3]
(260, 256), -> [5]
(256, 287), -> [16]
(80, 104), -> [26]
(104, 262), -> [12]
(262, 111), -> [9]
(256, 101), -> [55]
(101, 336), -> [6]
(316, 112), -> [23]
(112, 290), -> [44]
(290, 260), -> [12]
(306, 269), -> [13]
(269, 289), -> [22]
(340, 101), -> [27]
(101, 107), -> [51]
(276, 291), -> [21]
(291, 269), -> [31]
(269, 101), -> [37]
(114, 295), -> [37]
(344, 111), -> [52]
(111, 272), -> [75]
(45, 272), -> [5]
(340, 288), -> [29]
(102, 121), -> [17]
(267, 112), -> [100]
(112, 347), -> [46]
(98, 342), -> [10]
(338, 97), -> [6]
(105, 333), -> [18]
(332, 99), -> [31]
(278, 105), -> [92]
(311, 112), -> [14]
(265, 260), -> [8]
(272, 115), -> [64]
(274, 111), -> [117]
(111, 301), -> [122]
(116, 262), -> [92]
(71, 333), -> [37]
(264, 262), -> [69]
(345, 258), -> [40]
(258, 98), -> [25]
(98, 289), -> [30]
(346, 258), -> [41]
(297, 111), -> [21]
(119, 256), -> [24]
(102, 117), -> [23]
(346, 288), -> [16]
(288, 290), -> [28]
(71, 114), -> [78]
(109, 121), -> [58]
(340, 259), -> [27]
(259, 115), -> [33]
(80, 270), -> [10]
(270, 109), -> [9]
(109, 283), -> [3]
(283, 105), -> [4]
(69, 109), -> [16]
(52, 48), -> [26]
(50, 51), -> [95]
(69, 265), -> [9]
(265, 352), -> [11]
(32, 323), -> [8]
(323, 108), -> [8]
(100, 104), -> [3]
(331, 288), -> [5]
(346, 121), -> [7]
(121, 288), -> [4]
(288, 105), -> [5]
(340, 336), -> [86]
(44, 91), -> [118]
(324, 97), -> [23]
(276, 287), -> [5]
(287, 104), -> [27]
(264, 99), -> [21]
(116, 116), -> [41]
(32, 75), -> [125]
(75, 295), -> [6]
(295, 115), -> [20]
(115, 347), -> [4]
(347, 121), -> [30]
(276, 258), -> [199]
(272, 111), -> [9]
(107, 98), -> [2]
(107, 256), -> [32]
(297, 256), -> [3]
(256, 270), -> [3]
(270, 301), -> [5]
(76, 121), -> [15]
(110, 285), -> [13]
(267, 110), -> [85]
(100, 333), -> [12]
(71, 341), -> [4]
(341, 110), -> [1]
(110, 256), -> [38]
(110, 195), -> [2]
(195, 169), -> [5]
(169, 101), -> [2]
(107, 260), -> [36]
(344, 117), -> [8]
(117, 269), -> [40]
(276, 117), -> [13]
(344, 265), -> [8]
(265, 107), -> [38]
(107, 283), -> [18]
(283, 295), -> [12]
(120, 310), -> [6]
(310, 117), -> [13]
(32, 121), -> [53]
(121, 309), -> [22]
(110, 103), -> [47]
(103, 256), -> [21]
(267, 117), -> [147]
(93, 10), -> [82]
(71, 256), -> [5]
(289, 99), -> [23]
(99, 290), -> [26]
(103, 108), -> [22]
(272, 266), -> [9]
(266, 116), -> [52]
(116, 269), -> [17]
(269, 105), -> [32]
(93, 91), -> [164]
(337, 287), -> [3]
(287, 256), -> [11]
(103, 333), -> [11]
(308, 102), -> [2]
(102, 287), -> [2]
(320, 104), -> [114]
(104, 265), -> [59]
(320, 265), -> [18]
(265, 109), -> [7]
(109, 259), -> [12]
(262, 105), -> [5]
(314, 269), -> [3]
(269, 100), -> [6]
(109, 298), -> [1]
(298, 114), -> [1]
(114, 266), -> [38]
(349, 288), -> [33]
(288, 109), -> [23]
(109, 117), -> [16]
(110, 335), -> [19]
(335, 121), -> [49]
(32, 347), -> [24]
(347, 97), -> [16]
(115, 289), -> [30]
(108, 112), -> [32]
(49, 56), -> [94]
(56, 48), -> [8]
(344, 287), -> [5]
(297, 265), -> [85]
(111, 101), -> [28]
(101, 104), -> [10]
(104, 108), -> [12]
(108, 290), -> [16]
(290, 107), -> [2]
(107, 97), -> [5]
(109, 112), -> [34]
(49, 49), -> [90]
(121, 101), -> [48]
(104, 270), -> [37]
(270, 272), -> [13]
(272, 109), -> [3]
(109, 336), -> [4]
(261, 333), -> [3]
(276, 265), -> [2]
(337, 117), -> [24]
(114, 285), -> [8]
(285, 336), -> [5]
(299, 101), -> [34]
(349, 108), -> [15]
(105, 290), -> [15]
(49, 50), -> [92]
(272, 105), -> [10]
(287, 116), -> [42]
(290, 100), -> [66]
(289, 285), -> [2]
(285, 111), -> [22]
(32, 107), -> [15]
(107, 259), -> [9]
(259, 100), -> [14]
(256, 103), -> [5]
(103, 265), -> [5]
(110, 105), -> [47]
(297, 262), -> [21]
(115, 258), -> [5]
(264, 285), -> [15]
(314, 256), -> [3]
(110, 341), -> [1]
(341, 259), -> [1]
(345, 114), -> [11]
(99, 105), -> [47]
(99, 266), -> [3]
(272, 256), -> [33]
(49, 53), -> [75]
(261, 114), -> [36]
(115, 102), -> [9]
(256, 114), -> [12]
(100, 99), -> [2]
(111, 279), -> [2]
(109, 105), -> [21]
(105, 352), -> [25]
(111, 271), -> [3]
(331, 309), -> [3]
(309, 115), -> [44]
(49, 55), -> [85]
(324, 117), -> [239]
(105, 258), -> [5]
(47, 83), -> [2]
(83, 290), -> [1]
(290, 105), -> [8]
(354, 298), -> [11]
(65, 116), -> [4]
(311, 103), -> [22]
(110, 259), -> [4]
(332, 116), -> [38]
(272, 260), -> [8]
(268, 287), -> [3]
(337, 256), -> [49]
(256, 107), -> [3]
(309, 116), -> [47]
(263, 287), -> [1]
(287, 333), -> [1]
(267, 99), -> [26]
(99, 97), -> [25]
(100, 291), -> [23]
(291, 121), -> [14]
(333, 103), -> [12]
(89, 258), -> [43]
(320, 335), -> [8]
(118, 111), -> [43]
(262, 115), -> [18]
(306, 104), -> [23]
(105, 279), -> [25]
(279, 260), -> [1]
(99, 353), -> [11]
(348, 119), -> [3]
(104, 266), -> [51]
(278, 119), -> [7]
(119, 97), -> [11]
(105, 285), -> [50]
(119, 266), -> [4]
(32, 106), -> [22]
(106, 117), -> [8]
(265, 309), -> [3]
(100, 280), -> [36]
(280, 100), -> [1]
(311, 98), -> [21]
(98, 309), -> [23]
(256, 121), -> [18]
(121, 116), -> [11]
(104, 295), -> [29]
(292, 91), -> [41]
(50, 49), -> [106]
(107, 290), -> [5]
(109, 295), -> [22]
(118, 269), -> [4]
(118, 290), -> [41]
(50, 50), -> [89]
(267, 279), -> [10]
(340, 287), -> [1]
(287, 285), -> [11]
(285, 295), -> [5]
(345, 97), -> [28]
(335, 104), -> [77]
(354, 342), -> [6]
(306, 263), -> [82]
(101, 260), -> [15]
(260, 260), -> [2]
(344, 351), -> [7]
(321, 336), -> [36]
(115, 117), -> [23]
(50, 52), -> [89]
(101, 347), -> [39]
(347, 118), -> [13]
(98, 109), -> [1]
(109, 335), -> [9]
(335, 116), -> [5]
(291, 111), -> [16]
(261, 97), -> [8]
(112, 289), -> [9]
(301, 121), -> [20]
(80, 265), -> [14]
(339, 105), -> [24]
(120, 105), -> [10]
(307, 107), -> [36]
(107, 265), -> [1]
(265, 97), -> [21]
(97, 111), -> [2]
(50, 53), -> [73]
(333, 106), -> [1]
(331, 111), -> [18]
(119, 101), -> [18]
(97, 353), -> [9]
(353, 101), -> [18]
(121, 262), -> [7]
(340, 266), -> [6]
(264, 111), -> [22]
(112, 116), -> [133]
(104, 259), -> [14]
(107, 295), -> [38]
(344, 121), -> [4]
(121, 115), -> [9]
(108, 102), -> [28]
(276, 298), -> [1]
(298, 117), -> [2]
(32, 309), -> [17]
(340, 280), -> [6]
(46, 34), -> [13]
(34, 91), -> [8]
(50, 54), -> [73]
(354, 265), -> [20]
(265, 98), -> [8]
(324, 256), -> [3]
(101, 121), -> [53]
(316, 108), -> [6]
(50, 55), -> [72]
(50, 56), -> [58]
(87, 263), -> [2]
(263, 110), -> [14]
(274, 262), -> [1]
(262, 110), -> [11]
(320, 114), -> [11]
(114, 291), -> [23]
(291, 256), -> [2]
(97, 117), -> [70]
(117, 103), -> [185]
(103, 104), -> [34]
(337, 108), -> [22]
(32, 263), -> [30]
(263, 108), -> [24]
(340, 270), -> [18]
(76, 117), -> [11]
(107, 121), -> [10]
(50, 57), -> [73]
(337, 265), -> [14]
(265, 290), -> [8]
(147, 98), -> [1]
(98, 336), -> [9]
(261, 269), -> [5]
(269, 290), -> [7]
(344, 266), -> [11]
(339, 266), -> [11]
(339, 121), -> [5]
(121, 109), -> [10]
(109, 116), -> [3]
(346, 335), -> [47]
(267, 286), -> [1]
(286, 99), -> [1]
(99, 313), -> [1]
(313, 98), -> [1]
(32, 38), -> [28]
(345, 335), -> [2]
(335, 285), -> [12]
(268, 105), -> [11]
(82, 105), -> [1]
(349, 97), -> [13]
(97, 298), -> [6]
(297, 280), -> [96]
(280, 98), -> [1]
(301, 259), -> [5]
(320, 68), -> [4]
(344, 283), -> [3]
(97, 106), -> [4]
(51, 48), -> [71]
(274, 67), -> [2]
(119, 99), -> [2]
(99, 336), -> [3]
(336, 101), -> [20]
(268, 110), -> [5]
(103, 105), -> [33]
(112, 109), -> [4]
(333, 113), -> [4]
(113, 117), -> [41]
(261, 270), -> [4]
(270, 112), -> [4]
(112, 115), -> [37]
(51, 49), -> [55]
(51, 50), -> [17]
(51, 51), -> [22]
(98, 333), -> [9]
(330, 102), -> [7]
(102, 307), -> [16]
(307, 101), -> [28]
(340, 263), -> [7]
(333, 108), -> [18]
(99, 287), -> [9]
(287, 260), -> [66]
(354, 290), -> [4]
(262, 118), -> [10]
(51, 53), -> [20]
(267, 265), -> [2]
(265, 262), -> [4]
(261, 119), -> [21]
(119, 111), -> [30]
(98, 283), -> [11]
(306, 285), -> [8]
(285, 260), -> [8]
(260, 117), -> [4]
(104, 114), -> [22]
(114, 309), -> [20]
(309, 103), -> [18]
(288, 289), -> [11]
(108, 295), -> [17]
(117, 287), -> [4]
(51, 55), -> [21]
(259, 110), -> [36]
(278, 114), -> [31]
(111, 121), -> [24]
(314, 114), -> [31]
(114, 283), -> [13]
(297, 99), -> [35]
(99, 65), -> [1]
(269, 352), -> [20]
(346, 265), -> [2]
(265, 114), -> [10]
(51, 56), -> [17]
(51, 57), -> [18]
(272, 295), -> [6]
(105, 122), -> [41]
(263, 121), -> [5]
(344, 101), -> [12]
(101, 283), -> [11]
(104, 309), -> [22]
(306, 289), -> [3]
(278, 117), -> [5]
(117, 289), -> [7]
(289, 100), -> [1]
(111, 262), -> [5]
(52, 49), -> [17]
(349, 269), -> [14]
(115, 288), -> [1]
(336, 105), -> [3]
(39, 118), -> [4]
(100, 262), -> [32]
(314, 336), -> [1]
(336, 307), -> [1]
(32, 260), -> [6]
(260, 335), -> [8]
(335, 258), -> [5]
(39, 100), -> [2]
(349, 347), -> [2]
(347, 265), -> [4]
(306, 280), -> [8]
(105, 98), -> [14]
(98, 347), -> [25]
(262, 121), -> [17]
(47, 65), -> [8]
(65, 84), -> [4]
(278, 333), -> [2]
(52, 50), -> [17]
(347, 279), -> [2]
(314, 77), -> [4]
(77, 71), -> [3]
(45, 111), -> [7]
(91, 116), -> [1]
(316, 116), -> [15]
(337, 101), -> [23]
(117, 102), -> [10]
(349, 266), -> [7]
(310, 269), -> [1]
(103, 290), -> [34]
(117, 259), -> [13]
(110, 110), -> [32]
(268, 115), -> [3]
(268, 121), -> [6]
(272, 342), -> [3]
(103, 111), -> [19]
(111, 295), -> [4]
(52, 51), -> [19]
(295, 295), -> [8]
(344, 307), -> [5]
(307, 114), -> [2]
(280, 295), -> [6]
(290, 295), -> [9]
(337, 313), -> [11]
(313, 111), -> [10]
(52, 52), -> [24]
(114, 100), -> [12]
(320, 97), -> [31]
(97, 102), -> [11]
(314, 258), -> [4]
(258, 99), -> [4]
(99, 263), -> [15]
(263, 116), -> [8]
(339, 333), -> [6]
(109, 87), -> [1]
(337, 333), -> [6]
(265, 295), -> [3]
(100, 290), -> [43]
(52, 53), -> [24]
(256, 99), -> [7]
(272, 97), -> [22]
(109, 287), -> [16]
(32, 36), -> [52]
(49, 257), -> [3]
(52, 54), -> [18]
(52, 55), -> [18]
(112, 262), -> [7]
(109, 309), -> [8]
(321, 287), -> [15]
(340, 114), -> [8]
(45, 119), -> [12]
(119, 114), -> [6]
(111, 286), -> [202]
(286, 116), -> [6]
(69, 301), -> [7]
(301, 105), -> [13]
(79, 114), -> [6]
(114, 114), -> [5]
(314, 270), -> [27]
(270, 266), -> [14]
(97, 104), -> [31]
(80, 283), -> [8]
(283, 114), -> [7]
(52, 56), -> [19]
(52, 57), -> [18]
(320, 309), -> [64]
(107, 352), -> [14]
(349, 270), -> [27]
(270, 115), -> [47]
(101, 291), -> [4]
(291, 260), -> [2]
(333, 118), -> [25]
(105, 309), -> [15]
(261, 101), -> [22]
(290, 97), -> [11]
(301, 298), -> [1]
(298, 290), -> [1]
(115, 109), -> [19]
(53, 48), -> [41]
(53, 55), -> [22]
(128, 148), -> [23]
(148, 116), -> [6]
(116, 263), -> [17]
(272, 280), -> [2]
(100, 310), -> [4]
(53, 49), -> [20]
(287, 259), -> [2]
(259, 117), -> [5]
(45, 99), -> [12]
(102, 105), -> [44]
(105, 260), -> [14]
(53, 50), -> [20]
(66, 298), -> [4]
(102, 266), -> [1]
(84, 105), -> [9]
(99, 71), -> [10]
(103, 295), -> [7]
(306, 290), -> [8]
(105, 289), -> [47]
(267, 115), -> [44]
(290, 309), -> [2]
(114, 110), -> [36]
(335, 117), -> [5]
(121, 283), -> [4]
(340, 309), -> [7]
(309, 108), -> [12]
(306, 335), -> [3]
(276, 108), -> [9]
(111, 258), -> [3]
(53, 51), -> [19]
(265, 266), -> [3]
(274, 336), -> [5]
(336, 99), -> [8]
(345, 108), -> [9]
(287, 289), -> [20]
(53, 52), -> [17]
(112, 108), -> [38]
(99, 291), -> [2]
(69, 270), -> [5]
(270, 99), -> [29]
(104, 117), -> [14]
(53, 53), -> [18]
(306, 97), -> [18]
(332, 335), -> [2]
(335, 105), -> [18]
(105, 269), -> [40]
(115, 97), -> [31]
(45, 121), -> [11]
(115, 352), -> [7]
(110, 107), -> [3]
(107, 110), -> [12]
(114, 108), -> [6]
(272, 290), -> [5]
(301, 111), -> [16]
(119, 295), -> [10]
(344, 258), -> [20]
(340, 256), -> [18]
(84, 101), -> [3]
(101, 341), -> [3]
(341, 114), -> [3]
(297, 121), -> [11]
(71, 117), -> [38]
(79, 117), -> [19]
(80, 307), -> [8]
(307, 116), -> [14]
(314, 117), -> [11]
(264, 97), -> [17]
(104, 308), -> [2]
(308, 260), -> [1]
(260, 352), -> [1]
(53, 54), -> [19]
(69, 80), -> [2]
(80, 115), -> [1]
(320, 111), -> [33]
(301, 310), -> [4]
(69, 121), -> [5]
(121, 289), -> [4]
(117, 352), -> [170]
(53, 56), -> [19]
(53, 57), -> [20]
(290, 115), -> [27]
(115, 105), -> [31]
(71, 101), -> [9]
(101, 258), -> [9]
(258, 103), -> [15]
(54, 48), -> [18]
(54, 49), -> [19]
(54, 50), -> [18]
(340, 262), -> [29]
(310, 105), -> [13]
(105, 287), -> [35]
(288, 295), -> [8]
(261, 335), -> [4]
(335, 347), -> [3]
(54, 51), -> [12]
(354, 258), -> [8]
(122, 262), -> [7]
(54, 52), -> [10]
(345, 291), -> [11]
(54, 53), -> [8]
(118, 258), -> [11]
(258, 335), -> [8]
(331, 262), -> [11]
(262, 258), -> [19]
(54, 54), -> [10]
(110, 288), -> [16]
(288, 259), -> [29]
(259, 287), -> [29]
(54, 55), -> [10]
(103, 97), -> [26]
(54, 56), -> [8]
(98, 302), -> [5]
(302, 102), -> [3]
(102, 352), -> [3]
(324, 111), -> [59]
(324, 262), -> [19]
(262, 336), -> [3]
(54, 57), -> [8]
(55, 48), -> [11]
(105, 256), -> [11]
(354, 266), -> [8]
(266, 110), -> [33]
(116, 266), -> [23]
(297, 351), -> [14]
(351, 105), -> [15]
(100, 116), -> [10]
(55, 49), -> [8]
(55, 50), -> [8]
(306, 310), -> [12]
(310, 262), -> [15]
(321, 351), -> [139]
(351, 315), -> [221]
(321, 258), -> [5]
(307, 97), -> [20]
(55, 51), -> [11]
(283, 115), -> [19]
(55, 52), -> [11]
(320, 270), -> [16]
(118, 117), -> [3]
(108, 110), -> [3]
(55, 53), -> [9]
(87, 104), -> [20]
(104, 335), -> [12]
(258, 115), -> [23]
(279, 101), -> [1]
(70, 101), -> [35]
(55, 54), -> [7]
(348, 112), -> [32]
(55, 55), -> [10]
(45, 285), -> [3]
(55, 56), -> [16]
(290, 333), -> [6]
(274, 97), -> [15]
(55, 57), -> [13]
(116, 270), -> [15]
(270, 289), -> [5]
(56, 49), -> [7]
(263, 97), -> [8]
(100, 108), -> [6]
(259, 295), -> [6]
(115, 260), -> [26]
(56, 50), -> [9]
(324, 309), -> [9]
(344, 259), -> [1]
(259, 105), -> [8]
(115, 256), -> [6]
(311, 105), -> [3]
(339, 86), -> [2]
(86, 68), -> [2]
(114, 280), -> [4]
(56, 51), -> [6]
(75, 101), -> [33]
(101, 335), -> [24]
(85, 114), -> [9]
(114, 98), -> [7]
(69, 115), -> [3]
(56, 52), -> [8]
(56, 53), -> [8]
(101, 285), -> [8]
(75, 266), -> [12]
(56, 54), -> [7]
(114, 351), -> [14]
(110, 283), -> [8]
(344, 291), -> [3]
(291, 289), -> [1]
(56, 55), -> [9]
(278, 104), -> [37]
(56, 56), -> [6]
(56, 57), -> [6]
(320, 77), -> [27]
(77, 84), -> [25]
(265, 111), -> [7]
(100, 121), -> [35]
(45, 80), -> [10]
(84, 104), -> [9]
(57, 48), -> [8]
(267, 116), -> [20]
(259, 256), -> [12]
(57, 51), -> [9]
(111, 104), -> [13]
(104, 110), -> [16]
(280, 256), -> [4]
(72, 269), -> [3]
(269, 102), -> [3]
(354, 101), -> [20]
(314, 111), -> [20]
(71, 105), -> [14]
(84, 119), -> [4]
(314, 283), -> [5]
(57, 52), -> [9]
(57, 53), -> [9]
(66, 101), -> [10]
(339, 280), -> [11]
(280, 115), -> [25]
(107, 108), -> [8]
(108, 256), -> [9]
(57, 54), -> [7]
(148, 34), -> [2]
(39, 301), -> [3]
(108, 119), -> [6]
(119, 280), -> [8]
(346, 280), -> [3]
(354, 288), -> [6]
(97, 122), -> [20]
(122, 105), -> [6]
(270, 98), -> [25]
(86, 269), -> [4]
(346, 336), -> [8]
(320, 266), -> [11]
(57, 55), -> [20]
(57, 57), -> [12]
(333, 98), -> [2]
(320, 83), -> [1]
(83, 73), -> [3]
(110, 118), -> [5]
(272, 298), -> [1]
(298, 287), -> [2]
(264, 287), -> [1]
(321, 298), -> [3]
(316, 119), -> [10]
(344, 262), -> [9]
(48, 49), -> [7]
(48, 50), -> [8]
(77, 259), -> [4]
(256, 260), -> [17]
(48, 51), -> [7]
(269, 262), -> [3]
(48, 52), -> [8]
(48, 53), -> [5]
(287, 111), -> [9]
(48, 54), -> [5]
(100, 298), -> [11]
(298, 335), -> [12]
(335, 269), -> [19]
(110, 108), -> [3]
(111, 97), -> [10]
(48, 55), -> [10]
(45, 117), -> [1]
(58, 91), -> [1]
(48, 56), -> [10]
(263, 102), -> [6]
(344, 256), -> [1]
(310, 114), -> [3]
(111, 122), -> [1]
(122, 290), -> [2]
(306, 109), -> [1]
(109, 265), -> [10]
(48, 57), -> [7]
(77, 101), -> [9]
(101, 266), -> [12]
(85, 115), -> [7]
(83, 112), -> [14]
(345, 352), -> [2]
(101, 113), -> [8]
(261, 290), -> [2]
(100, 97), -> [22]
(71, 121), -> [2]
(121, 301), -> [3]
(301, 290), -> [8]
(290, 104), -> [2]
(97, 269), -> [2]
(349, 256), -> [4]
(256, 291), -> [2]
(291, 262), -> [2]
(311, 119), -> [14]
(41, 91), -> [1]
(311, 109), -> [10]
(109, 262), -> [26]
(103, 272), -> [2]
(83, 263), -> [6]
(344, 298), -> [2]
(280, 260), -> [6]
(119, 108), -> [1]
(107, 289), -> [20]
(117, 265), -> [230]
(119, 260), -> [7]
(354, 117), -> [14]
(71, 97), -> [13]
(79, 112), -> [10]
(83, 97), -> [4]
(264, 309), -> [12]
(320, 105), -> [3]
(45, 66), -> [2]
(66, 262), -> [1]
(346, 270), -> [4]
(71, 111), -> [21]
(103, 325), -> [7]
(46, 111), -> [2]
(46, 66), -> [2]
(66, 111), -> [4]
(320, 262), -> [35]
(75, 290), -> [8]
(260, 121), -> [5]
(32, 90), -> [20]
(90, 101), -> [6]
(269, 308), -> [4]
(79, 116), -> [4]
(267, 103), -> [7]
(75, 110), -> [10]
(346, 256), -> [8]
(309, 98), -> [6]
(354, 336), -> [14]
(103, 260), -> [17]
(82, 260), -> [10]
(339, 290), -> [4]
(290, 109), -> [1]
(73, 333), -> [3]
(108, 308), -> [22]
(85, 75), -> [6]
(97, 120), -> [8]
(263, 301), -> [9]
(301, 98), -> [2]
(98, 97), -> [17]
(99, 258), -> [16]
(258, 112), -> [5]
(258, 287), -> [15]
(263, 265), -> [7]
(116, 108), -> [20]
(98, 272), -> [1]
(100, 266), -> [6]
(274, 308), -> [6]
(308, 269), -> [3]
(272, 270), -> [3]
(270, 118), -> [12]
(306, 288), -> [9]
(288, 283), -> [5]
(104, 260), -> [7]
(265, 110), -> [22]
(312, 91), -> [8]
(310, 101), -> [27]
(101, 105), -> [39]
(105, 271), -> [15]
(279, 104), -> [11]
(258, 260), -> [5]
(80, 259), -> [5]
(99, 347), -> [8]
(71, 265), -> [17]
(339, 117), -> [9]
(116, 121), -> [27]
(83, 119), -> [1]
(283, 256), -> [5]
(345, 307), -> [1]
(72, 298), -> [3]
(104, 119), -> [1]
(339, 262), -> [12]
(39, 116), -> [17]
(65, 115), -> [12]
(278, 101), -> [20]
(314, 121), -> [5]
(262, 289), -> [6]
(73, 301), -> [1]
(259, 111), -> [7]
(111, 105), -> [18]
(98, 308), -> [6]
(111, 259), -> [13]
(259, 260), -> [15]
(345, 296), -> [2]
(296, 105), -> [2]
(76, 259), -> [6]
(306, 283), -> [5]
(264, 291), -> [1]
(291, 259), -> [7]
(259, 265), -> [1]
(117, 105), -> [14]
(111, 307), -> [16]
(307, 260), -> [2]
(333, 121), -> [2]
(76, 258), -> [5]
(258, 97), -> [4]
(335, 99), -> [5]
(111, 347), -> [12]
(121, 272), -> [2]
(306, 107), -> [4]
(118, 295), -> [15]
(73, 109), -> [6]
(274, 121), -> [5]
(121, 266), -> [7]
(278, 260), -> [1]
(260, 100), -> [4]
(80, 280), -> [6]
(280, 97), -> [1]
(332, 118), -> [4]
(118, 335), -> [8]
(335, 295), -> [3]
(276, 266), -> [12]
(45, 108), -> [2]
(59, 91), -> [14]
(83, 116), -> [14]
(121, 347), -> [15]
(346, 111), -> [2]
(78, 101), -> [14]
(274, 288), -> [4]
(348, 116), -> [3]
(270, 258), -> [2]
(287, 269), -> [8]
(269, 111), -> [7]
(265, 103), -> [5]
(117, 295), -> [1]
(311, 100), -> [14]
(306, 256), -> [7]
(256, 118), -> [23]
(118, 307), -> [11]
(105, 117), -> [20]
(121, 269), -> [3]
(108, 283), -> [11]
(122, 260), -> [13]
(256, 295), -> [5]
(45, 109), -> [3]
(270, 269), -> [3]
(110, 309), -> [9]
(337, 280), -> [2]
(333, 260), -> [3]
(283, 117), -> [3]
(108, 353), -> [4]
(80, 108), -> [6]
(287, 102), -> [3]
(261, 273), -> [5]
(273, 99), -> [4]
(332, 97), -> [1]
(339, 307), -> [2]
(320, 108), -> [16]
(120, 99), -> [7]
(104, 100), -> [2]
(46, 65), -> [2]
(120, 104), -> [1]
(98, 335), -> [4]
(301, 97), -> [14]
(122, 256), -> [1]
(339, 74), -> [1]
(320, 269), -> [11]
(269, 118), -> [4]
(118, 259), -> [9]
(265, 270), -> [8]
(314, 265), -> [8]
(274, 105), -> [9]
(105, 104), -> [6]
(349, 114), -> [8]
(335, 260), -> [14]
(337, 115), -> [2]
(321, 105), -> [3]
(264, 106), -> [1]
(106, 195), -> [1]
(195, 182), -> [1]
(182, 286), -> [1]
(286, 103), -> [9]
(112, 270), -> [122]
(270, 108), -> [115]
(32, 352), -> [11]
(352, 270), -> [11]
(99, 115), -> [12]
(70, 97), -> [4]
(333, 102), -> [11]
(351, 269), -> [4]
(45, 273), -> [1]
(273, 102), -> [1]
(75, 105), -> [7]
(75, 341), -> [2]
(341, 336), -> [2]
(353, 115), -> [6]
(109, 307), -> [5]
(98, 352), -> [1]
(337, 104), -> [6]
(287, 295), -> [7]
(278, 288), -> [9]
(354, 105), -> [32]
(100, 100), -> [17]
(100, 347), -> [3]
(347, 272), -> [2]
(272, 262), -> [9]
(119, 121), -> [8]
(264, 101), -> [111]
(116, 315), -> [112]
(66, 283), -> [2]
(297, 266), -> [13]
(76, 335), -> [3]
(116, 347), -> [5]
(77, 65), -> [20]
(90, 280), -> [1]
(280, 110), -> [4]
(297, 269), -> [3]
(259, 116), -> [14]
(346, 266), -> [8]
(279, 121), -> [1]
(339, 265), -> [3]
(339, 97), -> [32]
(297, 117), -> [12]
(301, 256), -> [4]
(75, 89), -> [1]
(89, 71), -> [1]
(71, 79), -> [1]
(45, 70), -> [5]
(70, 77), -> [1]
(32, 291), -> [18]
(291, 112), -> [12]
(345, 309), -> [9]
(120, 117), -> [10]
(108, 298), -> [14]
(38, 66), -> [2]
(69, 68), -> [3]
(68, 77), -> [2]
(119, 115), -> [59]
(281, 46), -> [1]
(46, 46), -> [6]
(63, 34), -> [2]
(263, 256), -> [5]
(256, 266), -> [6]
(345, 117), -> [11]
(68, 101), -> [4]
(307, 287), -> [14]
(57, 49), -> [7]
(57, 50), -> [10]
(117, 111), -> [3]
(267, 77), -> [7]
(341, 260), -> [1]
(114, 112), -> [18]
(112, 336), -> [8]
(336, 115), -> [26]
(335, 110), -> [2]
(354, 309), -> [6]
(309, 272), -> [9]
(291, 98), -> [5]
(98, 265), -> [4]
(100, 273), -> [8]
(85, 110), -> [29]
(115, 269), -> [9]
(309, 112), -> [9]
(336, 289), -> [4]
(335, 338), -> [14]
(110, 262), -> [3]
(310, 309), -> [1]
(337, 258), -> [6]
(260, 115), -> [3]
(111, 120), -> [16]
(331, 117), -> [2]
(335, 109), -> [1]
(102, 265), -> [1]
(314, 289), -> [2]
(289, 105), -> [6]
(76, 309), -> [5]
(309, 105), -> [4]
(105, 270), -> [1]
(257, 51), -> [1]
(33, 34), -> [4]
(269, 109), -> [4]
(257, 52), -> [1]
(289, 117), -> [3]
(114, 103), -> [17]
(257, 53), -> [2]
(257, 54), -> [3]
(257, 55), -> [1]
(69, 102), -> [1]
(102, 310), -> [5]
(257, 56), -> [1]
(257, 57), -> [2]
(117, 121), -> [2]
(299, 352), -> [6]
(120, 285), -> [1]
(285, 266), -> [8]
(314, 288), -> [1]
(288, 98), -> [6]
(269, 117), -> [2]
(114, 259), -> [9]
(259, 97), -> [16]
(333, 119), -> [7]
(76, 108), -> [2]
(121, 100), -> [7]
(98, 286), -> [2]
(320, 287), -> [7]
(287, 115), -> [9]
(45, 110), -> [1]
(71, 104), -> [2]
(337, 266), -> [1]
(285, 114), -> [1]
(307, 108), -> [3]
(80, 117), -> [14]
(65, 109), -> [37]
(100, 272), -> [1]
(320, 79), -> [3]
(79, 86), -> [3]
(86, 73), -> [3]
(73, 68), -> [5]
(337, 308), -> [2]
(308, 291), -> [3]
(291, 307), -> [5]
(45, 333), -> [2]
(339, 289), -> [8]
(115, 110), -> [8]
(346, 342), -> [25]
(342, 105), -> [6]
(50, 257), -> [1]
(112, 98), -> [3]
(272, 307), -> [13]
(310, 111), -> [5]
(103, 110), -> [5]
(69, 97), -> [9]
(78, 111), -> [4]
(115, 108), -> [7]
(310, 260), -> [2]
(41, 34), -> [2]
(297, 259), -> [3]
(333, 272), -> [5]
(98, 98), -> [9]
(98, 260), -> [13]
(332, 272), -> [7]
(108, 336), -> [7]
(115, 307), -> [3]
(118, 265), -> [5]
(265, 105), -> [53]
(45, 100), -> [6]
(354, 97), -> [19]
(122, 101), -> [10]
(75, 265), -> [2]
(293, 34), -> [2]
(34, 41), -> [2]
(333, 105), -> [2]
(115, 308), -> [3]
(45, 101), -> [4]
(45, 290), -> [1]
(41, 59), -> [5]
(266, 101), -> [7]
(101, 309), -> [3]
(306, 259), -> [6]
(259, 99), -> [13]
(82, 290), -> [2]
(66, 105), -> [1]
(71, 336), -> [2]
(336, 111), -> [2]
(32, 81), -> [9]
(81, 117), -> [12]
(108, 99), -> [9]
(119, 100), -> [2]
(264, 295), -> [21]
(67, 265), -> [13]
(288, 260), -> [3]
(109, 272), -> [2]
(256, 100), -> [3]
(112, 99), -> [1]
(285, 108), -> [3]
(278, 258), -> [5]
(111, 283), -> [5]
(339, 101), -> [44]
(116, 109), -> [9]
(262, 288), -> [7]
(288, 307), -> [4]
(347, 103), -> [14]
(261, 307), -> [5]
(278, 307), -> [4]
(283, 109), -> [2]
(344, 105), -> [3]
(308, 108), -> [1]
(320, 259), -> [2]
(259, 291), -> [2]
(291, 287), -> [1]
(287, 307), -> [1]
(267, 323), -> [2]
(110, 112), -> [2]
(260, 290), -> [1]
(263, 298), -> [1]
(265, 335), -> [10]
(112, 308), -> [2]
(314, 353), -> [11]
(291, 265), -> [7]
(114, 287), -> [23]
(115, 336), -> [1]
(102, 115), -> [4]
(261, 298), -> [1]
(324, 266), -> [79]
(266, 117), -> [107]
(267, 73), -> [3]
(290, 256), -> [19]
(32, 88), -> [5]
(256, 352), -> [1]
(278, 273), -> [4]
(291, 308), -> [1]
(308, 115), -> [6]
(103, 269), -> [3]
(110, 102), -> [4]
(291, 258), -> [2]
(285, 117), -> [3]
(290, 106), -> [2]
(121, 260), -> [4]
(77, 121), -> [3]
(299, 99), -> [2]
(119, 289), -> [2]
(262, 102), -> [7]
(102, 336), -> [1]
(99, 259), -> [1]
(98, 298), -> [7]
(298, 103), -> [19]
(316, 279), -> [5]
(279, 290), -> [6]
(335, 287), -> [1]
(100, 109), -> [5]
(80, 287), -> [7]
(258, 283), -> [1]
(278, 97), -> [21]
(104, 288), -> [4]
(120, 291), -> [1]
(297, 335), -> [4]
(296, 289), -> [1]
(112, 352), -> [2]
(69, 116), -> [1]
(100, 103), -> [8]
(264, 265), -> [8]
(99, 76), -> [1]
(297, 258), -> [18]
(115, 283), -> [6]
(71, 270), -> [2]
(270, 102), -> [2]
(102, 259), -> [3]
(99, 75), -> [4]
(86, 265), -> [25]
(99, 67), -> [12]
(295, 272), -> [5]
(108, 309), -> [3]
(75, 270), -> [2]
(302, 108), -> [2]
(76, 290), -> [1]
(349, 335), -> [3]
(345, 269), -> [3]
(34, 73), -> [1]
(73, 102), -> [3]
(351, 290), -> [5]
(353, 289), -> [4]
(100, 265), -> [6]
(337, 263), -> [2]
(99, 262), -> [12]
(34, 10), -> [4]
(148, 84), -> [1]
(333, 259), -> [5]
(259, 118), -> [4]
(99, 270), -> [16]
(109, 353), -> [1]
(285, 97), -> [11]
(347, 262), -> [1]
(45, 105), -> [1]
(344, 308), -> [1]
(308, 111), -> [1]
(306, 108), -> [2]
(264, 288), -> [4]
(100, 307), -> [7]
(287, 258), -> [9]
(110, 265), -> [4]
(308, 262), -> [3]
(262, 295), -> [1]
(115, 351), -> [2]
(98, 287), -> [3]
(106, 309), -> [4]
(115, 290), -> [10]
(326, 259), -> [2]
(45, 308), -> [1]
(115, 273), -> [1]
(116, 285), -> [2]
(117, 118), -> [1]
(262, 260), -> [2]
(331, 308), -> [1]
(295, 117), -> [1]
(32, 256), -> [7]
(307, 335), -> [2]
(107, 103), -> [1]
(148, 97), -> [2]
(307, 111), -> [5]
(264, 108), -> [9]
(111, 266), -> [4]
(118, 287), -> [7]
(32, 289), -> [3]
(263, 119), -> [3]
(51, 257), -> [2]
(104, 336), -> [2]
(269, 119), -> [2]
(112, 353), -> [1]
(353, 104), -> [1]
(34, 67), -> [1]
(68, 117), -> [3]
(32, 353), -> [11]
(34, 76), -> [2]
(276, 269), -> [2]
(102, 114), -> [2]
(80, 114), -> [37]
(291, 115), -> [4]
(101, 122), -> [5]
(122, 122), -> [11]
(122, 111), -> [5]
(109, 98), -> [10]
(116, 291), -> [7]
(258, 265), -> [7]
(331, 341), -> [2]
(291, 97), -> [9]
(120, 260), -> [1]
(338, 260), -> [1]
(285, 110), -> [6]
(105, 113), -> [8]
(353, 97), -> [1]
(110, 307), -> [3]
(337, 270), -> [6]
(122, 295), -> [4]
(117, 266), -> [3]
(349, 258), -> [3]
(258, 114), -> [4]
(337, 335), -> [1]
(45, 84), -> [8]
(84, 117), -> [6]
(100, 283), -> [5]
(283, 97), -> [6]
(120, 97), -> [2]
(306, 119), -> [3]
(115, 298), -> [1]
(114, 104), -> [1]
(104, 109), -> [3]
(276, 259), -> [2]
(110, 336), -> [1]
(336, 269), -> [1]
(32, 270), -> [10]
(270, 285), -> [2]
(285, 256), -> [3]
(289, 262), -> [3]
(262, 266), -> [5]
(265, 112), -> [2]
(301, 260), -> [2]
(80, 335), -> [8]
(285, 102), -> [8]
(261, 262), -> [3]
(117, 341), -> [20]
(341, 105), -> [22]
(121, 111), -> [2]
(337, 336), -> [2]
(338, 287), -> [1]
(120, 289), -> [1]
(109, 308), -> [4]
(308, 97), -> [3]
(114, 353), -> [4]
(353, 105), -> [7]
(267, 352), -> [4]
(352, 115), -> [4]
(98, 270), -> [13]
(83, 262), -> [9]
(335, 256), -> [7]
(262, 287), -> [37]
(314, 287), -> [2]
(256, 265), -> [5]
(114, 265), -> [6]
(270, 100), -> [12]
(111, 106), -> [8]
(118, 298), -> [1]
(105, 265), -> [2]
(108, 351), -> [5]
(116, 98), -> [1]
(117, 270), -> [6]
(100, 288), -> [9]
(259, 266), -> [1]
(108, 271), -> [3]
(261, 117), -> [5]
(348, 120), -> [1]
(120, 307), -> [1]
(272, 269), -> [4]
(269, 103), -> [2]
(45, 313), -> [1]
(313, 266), -> [5]
(333, 269), -> [6]
(122, 287), -> [5]
(276, 270), -> [2]
(270, 290), -> [4]
(290, 287), -> [3]
(45, 97), -> [2]
(119, 265), -> [4]
(290, 289), -> [6]
(335, 270), -> [1]
(270, 111), -> [1]
(290, 103), -> [4]
(103, 291), -> [6]
(285, 258), -> [1]
(258, 353), -> [1]
(45, 98), -> [3]
(265, 323), -> [2]
(323, 116), -> [1]
(321, 80), -> [10]
(80, 82), -> [10]
(272, 308), -> [4]
(308, 341), -> [5]
(116, 102), -> [2]
(112, 335), -> [6]
(107, 342), -> [2]
(342, 260), -> [3]
(266, 289), -> [4]
(289, 113), -> [1]
(338, 265), -> [3]
(311, 118), -> [3]
(32, 313), -> [4]
(276, 307), -> [1]
(299, 116), -> [1]
(265, 99), -> [5]
(105, 286), -> [4]
(286, 287), -> [3]
(104, 115), -> [7]
(112, 259), -> [9]
(347, 120), -> [9]
(118, 97), -> [16]
(340, 117), -> [1]
(261, 121), -> [1]
(121, 112), -> [5]
(117, 342), -> [2]
(283, 307), -> [1]
(102, 309), -> [4]
(337, 290), -> [3]
(341, 295), -> [1]
(73, 99), -> [9]
(348, 100), -> [3]
(258, 291), -> [1]
(45, 65), -> [6]
(111, 291), -> [2]
(39, 333), -> [5]
(110, 121), -> [5]
(74, 309), -> [2]
(79, 279), -> [1]
(119, 109), -> [3]
(333, 352), -> [1]
(122, 259), -> [3]
(75, 333), -> [6]
(290, 272), -> [3]
(101, 259), -> [11]
(264, 336), -> [3]
(114, 256), -> [7]
(45, 74), -> [2]
(74, 262), -> [3]
(115, 263), -> [2]
(103, 121), -> [4]
(267, 100), -> [7]
(100, 270), -> [6]
(291, 295), -> [1]
(295, 352), -> [1]
(73, 108), -> [2]
(75, 97), -> [14]
(265, 269), -> [1]
(269, 347), -> [7]
(347, 108), -> [1]
(67, 270), -> [1]
(306, 273), -> [1]
(299, 272), -> [1]
(311, 101), -> [1]
(272, 263), -> [1]
(100, 119), -> [3]
(287, 270), -> [4]
(269, 335), -> [9]
(116, 352), -> [5]
(110, 310), -> [3]
(342, 109), -> [17]
(105, 283), -> [26]
(283, 121), -> [26]
(256, 272), -> [5]
(349, 290), -> [3]
(122, 289), -> [1]
(349, 333), -> [2]
(262, 290), -> [1]
(287, 109), -> [2]
(52, 257), -> [1]
(119, 336), -> [1]
(290, 352), -> [2]
(340, 341), -> [1]
(336, 110), -> [1]
(101, 298), -> [8]
(148, 102), -> [1]
(119, 104), -> [2]
(256, 271), -> [2]
(77, 69), -> [14]
(69, 88), -> [2]
(116, 272), -> [1]
(308, 295), -> [1]
(99, 295), -> [2]
(121, 256), -> [3]
(115, 285), -> [4]
(111, 195), -> [2]
(90, 104), -> [2]
(256, 273), -> [1]
(273, 103), -> [1]
(69, 112), -> [3]
(342, 256), -> [1]
(258, 111), -> [2]
(320, 336), -> [3]
(118, 283), -> [2]
(283, 289), -> [1]
(103, 98), -> [1]
(76, 266), -> [6]
(115, 107), -> [9]
(339, 114), -> [3]
(354, 269), -> [11]
(77, 73), -> [2]
(67, 288), -> [1]
(295, 100), -> [1]
(342, 290), -> [12]
(289, 101), -> [7]
(82, 77), -> [2]
(77, 66), -> [1]
(316, 99), -> [3]
(91, 110), -> [2]
(301, 272), -> [7]
(104, 352), -> [1]
(69, 347), -> [2]
(333, 298), -> [2]
(267, 105), -> [4]
(339, 298), -> [3]
(264, 269), -> [12]
(82, 73), -> [8]
(73, 65), -> [7]
(65, 65), -> [6]
(83, 105), -> [2]
(314, 333), -> [14]
(97, 323), -> [1]
(103, 258), -> [5]
(45, 83), -> [15]
(109, 110), -> [2]
(71, 269), -> [2]
(269, 97), -> [5]
(288, 121), -> [3]
(32, 122), -> [1]
(335, 103), -> [2]
(349, 101), -> [6]
(347, 98), -> [13]
(32, 307), -> [2]
(307, 262), -> [3]
(110, 273), -> [1]
(119, 258), -> [4]
(272, 341), -> [3]
(341, 288), -> [3]
(102, 269), -> [1]
(283, 119), -> [3]
(256, 336), -> [4]
(298, 109), -> [2]
(118, 121), -> [3]
(103, 341), -> [2]
(98, 259), -> [3]
(284, 105), -> [2]
(266, 288), -> [1]
(288, 269), -> [1]
(269, 121), -> [3]
(69, 99), -> [2]
(75, 114), -> [1]
(105, 353), -> [4]
(264, 119), -> [5]
(283, 263), -> [3]
(262, 97), -> [5]
(101, 295), -> [5]
(269, 99), -> [1]
(108, 272), -> [1]
(106, 283), -> [6]
(98, 262), -> [5]
(100, 309), -> [3]
(102, 283), -> [1]
(256, 309), -> [4]
(76, 101), -> [24]
(34, 89), -> [1]
(344, 288), -> [1]
(324, 336), -> [6]
(336, 262), -> [7]
(116, 122), -> [10]
(337, 338), -> [1]
(338, 101), -> [1]
(290, 262), -> [1]
(32, 298), -> [1]
(110, 258), -> [3]
(53, 257), -> [1]
(279, 115), -> [1]
(121, 270), -> [1]
(321, 307), -> [9]
(69, 105), -> [2]
(267, 270), -> [2]
(308, 101), -> [3]
(103, 335), -> [2]
(272, 335), -> [2]
(307, 289), -> [3]
(313, 112), -> [1]
(289, 104), -> [4]
(109, 342), -> [2]
(264, 290), -> [3]
(297, 307), -> [4]
(99, 265), -> [3]
(261, 258), -> [6]
(258, 285), -> [1]
(258, 119), -> [1]
(274, 295), -> [3]
(295, 111), -> [2]
(342, 121), -> [6]
(287, 108), -> [3]
(77, 260), -> [2]
(118, 118), -> [2]
(301, 309), -> [3]
(261, 256), -> [2]
(332, 289), -> [1]
(266, 122), -> [2]
(122, 97), -> [8]
(336, 256), -> [1]
(266, 269), -> [1]
(100, 258), -> [7]
(46, 69), -> [1]
(46, 73), -> [1]
(289, 298), -> [1]
(333, 283), -> [5]
(349, 341), -> [2]
(107, 107), -> [2]
(301, 115), -> [7]
(276, 114), -> [1]
(69, 108), -> [14]
(318, 100), -> [1]
(267, 84), -> [2]
(38, 84), -> [2]
(260, 287), -> [3]
(320, 121), -> [2]
(121, 286), -> [1]
(83, 111), -> [4]
(85, 112), -> [13]
(351, 291), -> [5]
(331, 265), -> [1]
(265, 336), -> [3]
(291, 101), -> [2]
(276, 260), -> [1]
(100, 118), -> [3]
(76, 71), -> [5]
(71, 66), -> [5]
(66, 84), -> [5]
(69, 113), -> [4]
(322, 105), -> [1]
(100, 80), -> [1]
(321, 89), -> [4]
(89, 67), -> [3]
(119, 269), -> [3]
(103, 280), -> [1]
(262, 117), -> [3]
(322, 103), -> [3]
(71, 76), -> [3]
(76, 65), -> [3]
(65, 68), -> [3]
(321, 65), -> [1]
(65, 67), -> [1]
(67, 80), -> [1]
(102, 290), -> [1]
(297, 287), -> [8]
(291, 351), -> [3]
(102, 260), -> [1]
(283, 101), -> [6]
(349, 263), -> [2]
(263, 99), -> [1]
(311, 263), -> [2]
(314, 105), -> [7]
(109, 269), -> [5]
(111, 288), -> [8]
(288, 286), -> [5]
(347, 352), -> [1]
(102, 111), -> [4]
(278, 270), -> [8]
(266, 104), -> [1]
(69, 272), -> [1]
(274, 104), -> [2]
(346, 287), -> [3]
(112, 307), -> [4]
(111, 83), -> [1]
(83, 288), -> [1]
(71, 262), -> [1]
(320, 288), -> [17]
(264, 256), -> [5]
(101, 262), -> [2]
(260, 307), -> [3]
(73, 111), -> [2]
(306, 266), -> [1]
(314, 66), -> [12]
(66, 67), -> [20]
(32, 194), -> [1]
(194, 163), -> [1]
(264, 121), -> [4]
(333, 263), -> [1]
(98, 290), -> [4]
(102, 335), -> [5]
(310, 290), -> [1]
(111, 289), -> [10]
(114, 270), -> [2]
(265, 118), -> [6]
(262, 353), -> [2]
(280, 109), -> [1]
(102, 97), -> [2]
(301, 101), -> [12]
(299, 108), -> [2]
(335, 291), -> [1]
(85, 78), -> [2]
(78, 73), -> [2]
(73, 67), -> [2]
(67, 69), -> [2]
(69, 70), -> [2]
(105, 67), -> [2]
(265, 289), -> [7]
(274, 289), -> [5]
(116, 308), -> [8]
(82, 262), -> [2]
(272, 288), -> [1]
(288, 97), -> [2]
(54, 257), -> [1]
(75, 289), -> [1]
(335, 280), -> [1]
(121, 102), -> [3]
(260, 295), -> [1]
(258, 289), -> [6]
(267, 98), -> [10]
(321, 283), -> [3]
(80, 333), -> [4]
(77, 105), -> [8]
(67, 287), -> [4]
(68, 111), -> [2]
(32, 226), -> [58]
(101, 289), -> [8]
(45, 102), -> [2]
(309, 84), -> [2]
(267, 82), -> [4]
(101, 271), -> [2]
(148, 262), -> [1]
(286, 115), -> [2]
(115, 114), -> [2]
(256, 108), -> [4]
(77, 280), -> [22]
(32, 39), -> [160]
(39, 292), -> [43]
(346, 269), -> [9]
(74, 117), -> [74]
(321, 97), -> [8]
(34, 58), -> [1]
(324, 101), -> [5]
(75, 280), -> [2]
(100, 259), -> [1]
(259, 98), -> [1]
(32, 113), -> [2]
(83, 109), -> [2]
(309, 301), -> [1]
(45, 77), -> [4]
(97, 101), -> [13]
(86, 97), -> [4]
(100, 269), -> [1]
(104, 342), -> [4]
(258, 307), -> [3]
(110, 113), -> [1]
(45, 71), -> [2]
(76, 308), -> [1]
(267, 80), -> [1]
(321, 69), -> [1]
(69, 87), -> [1]
(87, 83), -> [1]
(311, 353), -> [1]
(97, 287), -> [1]
(314, 82), -> [2]
(307, 288), -> [3]
(97, 97), -> [2]
(115, 113), -> [5]
(39, 109), -> [3]
(85, 104), -> [1]
(354, 287), -> [1]
(287, 122), -> [2]
(297, 290), -> [3]
(110, 290), -> [2]
(78, 351), -> [83]
(303, 117), -> [4]
(354, 262), -> [6]
(345, 270), -> [5]
(346, 260), -> [1]
(346, 67), -> [1]
(65, 85), -> [1]
(65, 112), -> [30]
(99, 80), -> [1]
(267, 347), -> [7]
(258, 270), -> [2]
(39, 44), -> [1]
(280, 111), -> [1]
(354, 341), -> [2]
(341, 119), -> [1]
(120, 121), -> [1]
(32, 58), -> [9]
(41, 292), -> [17]
(269, 310), -> [2]
(324, 105), -> [6]
(341, 290), -> [3]
(102, 195), -> [1]
(309, 270), -> [1]
(270, 256), -> [1]
(75, 117), -> [1]
(256, 259), -> [3]
(321, 74), -> [1]
(74, 266), -> [29]
(88, 67), -> [1]
(67, 76), -> [3]
(76, 85), -> [1]
(73, 86), -> [1]
(86, 69), -> [1]
(68, 121), -> [1]
(32, 283), -> [1]
(335, 78), -> [1]
(99, 118), -> [1]
(45, 82), -> [7]
(82, 74), -> [1]
(74, 83), -> [1]
(80, 68), -> [4]
(68, 70), -> [4]
(321, 66), -> [1]
(86, 307), -> [2]
(72, 111), -> [21]
(259, 109), -> [11]
(321, 266), -> [3]
(86, 266), -> [6]
(266, 335), -> [3]
(108, 288), -> [2]
(264, 298), -> [5]
(75, 111), -> [1]
(45, 87), -> [4]
(87, 270), -> [2]
(97, 263), -> [1]
(101, 76), -> [1]
(262, 113), -> [3]
(117, 256), -> [3]
(314, 310), -> [10]
(86, 72), -> [3]
(112, 107), -> [1]
(314, 290), -> [7]
(86, 290), -> [4]
(346, 262), -> [3]
(333, 290), -> [6]
(290, 98), -> [6]
(90, 97), -> [7]
(39, 77), -> [6]
(119, 98), -> [3]
(297, 342), -> [12]
(67, 68), -> [2]
(77, 82), -> [1]
(301, 77), -> [2]
(67, 104), -> [3]
(115, 100), -> [2]
(335, 97), -> [3]
(105, 84), -> [2]
(87, 269), -> [1]
(66, 114), -> [5]
(346, 259), -> [24]
(267, 67), -> [3]
(67, 77), -> [4]
(265, 302), -> [1]
(256, 119), -> [1]
(274, 309), -> [5]
(104, 272), -> [1]
(297, 288), -> [4]
(80, 101), -> [25]
(82, 336), -> [1]
(83, 99), -> [3]
(342, 97), -> [4]
(267, 107), -> [1]
(72, 266), -> [1]
(79, 98), -> [2]
(111, 81), -> [1]
(45, 89), -> [2]
(267, 121), -> [1]
(297, 114), -> [1]
(116, 342), -> [1]
(89, 97), -> [5]
(324, 342), -> [1]
(297, 83), -> [2]
(83, 78), -> [3]
(78, 66), -> [2]
(86, 77), -> [7]
(75, 121), -> [4]
(297, 291), -> [1]
(339, 335), -> [2]
(335, 122), -> [1]
(339, 288), -> [3]
(66, 342), -> [9]
(102, 109), -> [4]
(352, 110), -> [5]
(74, 111), -> [1]
(278, 269), -> [5]
(46, 59), -> [1]
(264, 105), -> [10]
(256, 98), -> [3]
(264, 280), -> [9]
(266, 307), -> [5]
(79, 77), -> [2]
(67, 83), -> [1]
(39, 33), -> [1]
(33, 292), -> [4]
(310, 107), -> [2]
(82, 291), -> [1]
(291, 315), -> [1]
(346, 263), -> [3]
(83, 287), -> [1]
(80, 105), -> [2]
(117, 262), -> [1]
(264, 283), -> [5]
(71, 82), -> [3]
(82, 65), -> [6]
(65, 77), -> [4]
(77, 77), -> [4]
(77, 89), -> [3]
(89, 115), -> [1]
(70, 342), -> [1]
(321, 83), -> [2]
(83, 65), -> [16]
(65, 73), -> [7]
(264, 109), -> [5]
(256, 112), -> [4]
(105, 310), -> [2]
(320, 101), -> [5]
(33, 46), -> [2]
(320, 66), -> [4]
(66, 83), -> [2]
(321, 288), -> [4]
(121, 119), -> [6]
(87, 288), -> [1]
(114, 113), -> [1]
(347, 105), -> [1]
(261, 300), -> [1]
(318, 99), -> [2]
(72, 117), -> [2]
(78, 288), -> [1]
(46, 258), -> [1]
(111, 273), -> [1]
(112, 72), -> [1]
(112, 68), -> [1]
(68, 88), -> [1]
(287, 288), -> [1]
(67, 269), -> [1]
(226, 132), -> [1]
(132, 162), -> [1]
(58, 10), -> [6]
(128, 162), -> [20]
(101, 273), -> [5]
(273, 115), -> [5]
(308, 121), -> [4]
(39, 58), -> [11]
(266, 262), -> [1]
(45, 79), -> [2]
(65, 103), -> [2]
(281, 39), -> [8]
(290, 119), -> [1]
(101, 286), -> [5]
(83, 283), -> [1]
(46, 75), -> [2]
(111, 352), -> [2]
(102, 80), -> [4]
(286, 108), -> [1]
(78, 83), -> [1]
(346, 114), -> [1]
(67, 309), -> [5]
(102, 270), -> [2]
(263, 105), -> [5]
(310, 113), -> [1]
(272, 347), -> [1]
(314, 262), -> [4]
(102, 272), -> [2]
(117, 283), -> [1]
(266, 102), -> [2]
(342, 265), -> [1]
(273, 301), -> [1]
(351, 289), -> [5]
(108, 122), -> [1]
(310, 99), -> [1]
(274, 290), -> [1]
(99, 195), -> [1]
(345, 266), -> [4]
(90, 111), -> [3]
(87, 287), -> [6]
(264, 310), -> [3]
(67, 266), -> [1]
(345, 265), -> [6]
(263, 101), -> [2]
(110, 338), -> [1]
(120, 115), -> [1]
(45, 69), -> [13]
(324, 258), -> [1]
(274, 291), -> [6]
(76, 283), -> [6]
(269, 112), -> [1]
(114, 347), -> [1]
(75, 287), -> [11]
(287, 121), -> [3]
(262, 122), -> [1]
(269, 260), -> [1]
(87, 114), -> [1]
(354, 335), -> [5]
(262, 272), -> [8]
(45, 75), -> [1]
(99, 308), -> [1]
(258, 269), -> [1]
(119, 352), -> [1]
(34, 292), -> [5]
(84, 288), -> [1]
(276, 325), -> [1]
(325, 352), -> [3]
(335, 266), -> [3]
(345, 325), -> [2]
(339, 287), -> [4]
(79, 104), -> [1]
(73, 114), -> [2]
(114, 118), -> [4]
(76, 260), -> [2]
(273, 112), -> [1]
(324, 291), -> [2]
(44, 39), -> [6]
(318, 270), -> [1]
(321, 117), -> [4]
(76, 87), -> [1]
(87, 89), -> [1]
(89, 77), -> [1]
(77, 68), -> [2]
(73, 82), -> [1]
(73, 270), -> [3]
(78, 90), -> [1]
(321, 90), -> [1]
(320, 341), -> [1]
(345, 313), -> [8]
(79, 108), -> [8]
(99, 68), -> [2]
(68, 256), -> [2]
(274, 117), -> [3]
(256, 286), -> [2]
(83, 117), -> [1]
(290, 286), -> [1]
(267, 102), -> [1]
(46, 83), -> [6]
(45, 85), -> [1]
(274, 287), -> [1]
(353, 122), -> [1]
(122, 107), -> [1]
(107, 111), -> [5]
(82, 288), -> [1]
(33, 39), -> [2]
(73, 70), -> [5]
(70, 80), -> [3]
(80, 73), -> [3]
(270, 117), -> [2]
(264, 113), -> [1]
(114, 109), -> [1]
(108, 333), -> [3]
(82, 310), -> [7]
(279, 111), -> [4]
(274, 266), -> [10]
(283, 102), -> [2]
(262, 298), -> [3]
(321, 77), -> [8]
(116, 107), -> [4]
(346, 309), -> [1]
(107, 100), -> [1]
(65, 265), -> [2]
(320, 263), -> [1]
(263, 109), -> [2]
(103, 307), -> [1]
(333, 336), -> [1]
(295, 116), -> [5]
(264, 110), -> [5]
(318, 110), -> [2]
(297, 82), -> [1]
(274, 307), -> [1]
(307, 285), -> [1]
(297, 73), -> [1]
(41, 39), -> [6]
(67, 108), -> [2]
(353, 107), -> [2]
(66, 333), -> [2]
(106, 97), -> [1]
(320, 258), -> [1]
(258, 266), -> [2]
(321, 259), -> [2]
(289, 256), -> [3]
(76, 298), -> [1]
(267, 272), -> [1]
(283, 270), -> [2]
(72, 309), -> [3]
(45, 76), -> [2]
(111, 287), -> [1]
(121, 114), -> [1]
(85, 108), -> [1]
(269, 336), -> [1]
(336, 280), -> [1]
(280, 103), -> [1]
(340, 290), -> [1]
(320, 78), -> [4]
(77, 258), -> [2]
(267, 66), -> [3]
(280, 108), -> [2]
(111, 263), -> [1]
(72, 65), -> [1]
(73, 77), -> [5]
(119, 347), -> [3]
(102, 106), -> [1]
(106, 266), -> [1]
(280, 116), -> [1]
(289, 110), -> [2]
(79, 115), -> [2]
(85, 116), -> [1]
(97, 66), -> [1]
(300, 109), -> [1]
(97, 273), -> [1]
(318, 119), -> [1]
(282, 105), -> [1]
(105, 336), -> [2]
(80, 336), -> [2]
(121, 107), -> [2]
(286, 352), -> [1]
(109, 99), -> [1]
(99, 122), -> [2]
(122, 121), -> [2]
(256, 310), -> [1]
(46, 41), -> [1]
(84, 114), -> [1]
(82, 266), -> [1]
(117, 307), -> [1]
(78, 78), -> [5]
(65, 71), -> [2]
(65, 70), -> [1]
(70, 84), -> [2]
(84, 82), -> [2]
(287, 291), -> [2]
(267, 79), -> [2]
(79, 76), -> [2]
(337, 353), -> [1]
(353, 263), -> [2]
(272, 338), -> [2]
(67, 97), -> [1]
(110, 83), -> [3]
(324, 290), -> [1]
(321, 70), -> [1]
(70, 76), -> [1]
(102, 333), -> [1]
(69, 101), -> [1]
(270, 309), -> [1]
(307, 295), -> [1]
(41, 58), -> [5]
(67, 73), -> [2]
(99, 78), -> [5]
(78, 117), -> [5]
(103, 263), -> [3]
(256, 262), -> [2]
(70, 114), -> [1]
(298, 121), -> [2]
(86, 117), -> [5]
(307, 263), -> [2]
(80, 353), -> [1]
(86, 101), -> [3]
(354, 121), -> [3]
(264, 347), -> [1]
(347, 101), -> [2]
(290, 122), -> [5]
(122, 266), -> [5]
(320, 351), -> [5]
(337, 112), -> [3]
(101, 67), -> [3]
(308, 114), -> [1]
(75, 307), -> [2]
(75, 258), -> [4]
(110, 104), -> [2]
(97, 286), -> [2]
(333, 104), -> [1]
(288, 115), -> [1]
(67, 258), -> [2]
(46, 86), -> [1]
(288, 262), -> [1]
(278, 287), -> [1]
(98, 288), -> [1]
(105, 72), -> [1]
(72, 101), -> [1]
(116, 82), -> [1]
(82, 97), -> [1]
(69, 103), -> [3]
(339, 260), -> [1]
(118, 341), -> [2]
(122, 283), -> [1]
(258, 272), -> [1]
(262, 107), -> [1]
(265, 347), -> [1]
(324, 289), -> [1]
(301, 116), -> [1]
(339, 269), -> [1]
(45, 67), -> [2]
(119, 102), -> [1]
(70, 333), -> [1]
(260, 288), -> [1]
(99, 333), -> [2]
(89, 117), -> [1]
(77, 307), -> [2]
(270, 97), -> [1]
(76, 336), -> [2]
(103, 336), -> [3]
(97, 342), -> [1]
(342, 287), -> [1]
(288, 258), -> [2]
(84, 290), -> [1]
(346, 290), -> [1]
(63, 41), -> [1]
(263, 262), -> [1]
(86, 342), -> [2]
(67, 351), -> [1]
(345, 298), -> [3]
(148, 308), -> [1]
(278, 259), -> [2]
(259, 353), -> [1]
(264, 353), -> [2]
(353, 266), -> [1]
(78, 77), -> [2]
(77, 80), -> [2]
(80, 65), -> [1]
(278, 73), -> [4]
(84, 307), -> [1]
(318, 97), -> [1]
(346, 97), -> [3]
(79, 67), -> [2]
(76, 67), -> [2]
(335, 309), -> [2]
(256, 283), -> [2]
(111, 265), -> [1]
(110, 98), -> [1]
(103, 287), -> [1]
(278, 121), -> [2]
(84, 65), -> [3]
(65, 89), -> [1]
(89, 76), -> [1]
(76, 79), -> [1]
(79, 82), -> [1]
(264, 87), -> [1]
(87, 73), -> [1]
(39, 83), -> [1]
(274, 69), -> [2]
(80, 85), -> [1]
(85, 84), -> [2]
(84, 73), -> [1]
(73, 79), -> [1]
(79, 78), -> [1]
(278, 79), -> [1]
(79, 85), -> [1]
(85, 82), -> [1]
(73, 83), -> [8]
(80, 79), -> [1]
(79, 80), -> [2]
(278, 82), -> [1]
(73, 85), -> [1]
(85, 77), -> [1]
(80, 72), -> [1]
(341, 101), -> [1]
(39, 67), -> [3]
(115, 259), -> [3]
(122, 108), -> [1]
(115, 265), -> [2]
(101, 86), -> [1]
(100, 342), -> [1]
(46, 39), -> [2]
(306, 110), -> [1]
(281, 34), -> [1]
(274, 335), -> [1]
(335, 323), -> [1]
(119, 103), -> [1]
(111, 256), -> [1]
(89, 283), -> [1]
(195, 177), -> [1]
(177, 97), -> [1]
(70, 70), -> [2]
(79, 70), -> [1]
(70, 83), -> [1]
(83, 84), -> [1]
(71, 69), -> [1]
(105, 296), -> [1]
(339, 309), -> [1]
(278, 262), -> [4]
(345, 336), -> [2]
(104, 338), -> [2]
(297, 298), -> [2]
(85, 302), -> [1]
(111, 296), -> [1]
(296, 102), -> [1]
(77, 111), -> [4]
(114, 102), -> [1]
(90, 291), -> [1]
(291, 108), -> [1]
(336, 112), -> [1]
(34, 74), -> [1]
(108, 338), -> [1]
(270, 260), -> [3]
(260, 108), -> [1]
(308, 256), -> [3]
(75, 84), -> [1]
(82, 75), -> [1]
(99, 335), -> [1]
(273, 272), -> [1]
(46, 97), -> [1]
(73, 84), -> [1]
(84, 115), -> [1]
(308, 347), -> [4]
(76, 265), -> [4]
(77, 336), -> [1]
(70, 291), -> [4]
(331, 335), -> [1]
(65, 263), -> [1]
(34, 84), -> [1]
(120, 111), -> [1]
(79, 119), -> [2]
(45, 68), -> [2]
(68, 280), -> [2]
(32, 64), -> [3]
(341, 285), -> [1]
(32, 35), -> [2]
(301, 110), -> [1]
(88, 308), -> [1]
(289, 347), -> [1]
(65, 270), -> [1]
(89, 289), -> [1]
(63, 39), -> [1]
(68, 298), -> [2]
(99, 73), -> [2]
(121, 333), -> [2]
(147, 78), -> [1]
(110, 352), -> [1]
(267, 104), -> [2]
(108, 103), -> [2]
(103, 270), -> [2]
(74, 290), -> [1]
(68, 119), -> [1]
(71, 280), -> [1]
(280, 347), -> [2]
(281, 35), -> [1]
(75, 104), -> [2]
(119, 122), -> [1]
(256, 263), -> [1]
(274, 298), -> [1]
(69, 336), -> [1]
(336, 121), -> [1]
(112, 272), -> [1]
(260, 111), -> [1]
(73, 107), -> [1]
(97, 195), -> [1]
(195, 173), -> [1]
(173, 115), -> [1]
(264, 308), -> [1]
(262, 341), -> [1]
(100, 122), -> [1]
(115, 280), -> [1]
(282, 262), -> [1]
(86, 259), -> [1]
(107, 270), -> [1]
(99, 113), -> [1]
(67, 101), -> [2]
(83, 83), -> [1]
(116, 112), -> [2]
(32, 45), -> [1]
(266, 283), -> [1]
(287, 290), -> [2]
(324, 283), -> [1]
(290, 335), -> [1]
(77, 266), -> [1]
(318, 333), -> [2]
(68, 283), -> [1]
(278, 266), -> [2]
(110, 291), -> [1]
(71, 258), -> [1]
(73, 266), -> [1]
(260, 109), -> [1]
(259, 338), -> [1]
(83, 269), -> [1]
(82, 111), -> [1]
(110, 120), -> [1]
(269, 114), -> [1]
(258, 347), -> [1]
(77, 351), -> [1]
(262, 335), -> [1]
(89, 80), -> [1]
(340, 260), -> [1]
(266, 68), -> [1]
(256, 87), -> [1]
(87, 256), -> [1]
(75, 291), -> [1]
(307, 290), -> [2]
(320, 256), -> [1]
(264, 107), -> [1]
(82, 295), -> [1]
(73, 336), -> [1]
(104, 347), -> [4]
(66, 270), -> [2]
(75, 342), -> [1]
(117, 122), -> [1]
(122, 347), -> [1]
(278, 83), -> [1]
(268, 258), -> [1]
(276, 308), -> [1]
(308, 288), -> [1]
(78, 69), -> [1]
(69, 84), -> [1]
(274, 265), -> [1]
(89, 111), -> [1]
(71, 259), -> [2]
(121, 285), -> [1]
(336, 107), -> [1]
(105, 119), -> [1]
(262, 108), -> [1]
(321, 72), -> [1]
(72, 76), -> [1]
(288, 195), -> [1]
(195, 161), -> [1]
(161, 115), -> [1]
(65, 98), -> [2]
(278, 256), -> [2]
(320, 290), -> [1]
(115, 353), -> [1]
(115, 103), -> [1]
(336, 117), -> [1]
(72, 97), -> [1]
(84, 81), -> [2]
(342, 115), -> [1]
(283, 260), -> [1]
(347, 266), -> [1]
(266, 295), -> [1]
(301, 287), -> [1]
(283, 262), -> [1]
(118, 262), -> [1]
(309, 285), -> [1]
(100, 112), -> [1]
(79, 105), -> [1]
(117, 104), -> [1]
(76, 287), -> [2]
(314, 266), -> [2]
(267, 263), -> [1]
(339, 291), -> [1]
(263, 289), -> [1]
(107, 102), -> [1]
(339, 270), -> [1]
(289, 97), -> [1]
(75, 259), -> [1]
(259, 347), -> [1]
(90, 265), -> [1]
(32, 46), -> [1]
(281, 36), -> [1]
(86, 335), -> [2]
(264, 266), -> [1]
(34, 334), -> [1]
(274, 84), -> [1]
(84, 84), -> [1]
(84, 78), -> [1]
(279, 295), -> [1]
(68, 307), -> [1]
(337, 260), -> [1]
(314, 280), -> [1]
(320, 72), -> [1]
(72, 79), -> [1]
(354, 280), -> [1]
(258, 262), -> [1]
(68, 115), -> [1]
(73, 78), -> [3]
(78, 68), -> [1]
(274, 65), -> [1]
(331, 116), -> [1]
(58, 47), -> [1]
(47, 47), -> [1]
(47, 111), -> [1]
(111, 69), -> [1]
(66, 86), -> [1]
(86, 110), -> [1]
(110, 78), -> [1]
(78, 74), -> [1]
(349, 336), -> [1]
(71, 288), -> [1]
(67, 335), -> [1]
(46, 312), -> [3]
(260, 103), -> [2]
(83, 66), -> [6]
(66, 78), -> [6]
(65, 333), -> [1]
(73, 100), -> [1]
(79, 120), -> [3]
(120, 102), -> [3]
(354, 308), -> [1]
(308, 98), -> [1]
(74, 101), -> [1]
(77, 99), -> [2]
(323, 289), -> [1]
(265, 287), -> [1]
(47, 99), -> [1]
(47, 116), -> [1]
(116, 99), -> [1]
(97, 279), -> [1]
(287, 309), -> [1]
(83, 108), -> [1]
(68, 287), -> [1]
(68, 98), -> [1]
(307, 66), -> [1]
(259, 122), -> [1]
(118, 116), -> [5]
(115, 76), -> [1]
(115, 65), -> [24]
(101, 65), -> [2]
(97, 65), -> [1]
(289, 65), -> [4]
(116, 65), -> [4]
(115, 66), -> [3]
(115, 67), -> [3]
(97, 67), -> [2]
(115, 70), -> [3]
(289, 70), -> [1]
(97, 70), -> [1]
(101, 71), -> [1]
(115, 71), -> [1]
(97, 71), -> [1]
(101, 77), -> [1]
(69, 117), -> [1]
(115, 77), -> [1]
(115, 78), -> [1]
(115, 80), -> [1]
(97, 80), -> [2]
(101, 80), -> [1]
(115, 82), -> [2]
(97, 82), -> [1]
(101, 82), -> [1]
(115, 83), -> [3]
(97, 83), -> [1]
(101, 83), -> [2]
(83, 121), -> [1]
(115, 84), -> [1]
(265, 85), -> [1]
(66, 269), -> [1]
(84, 67), -> [1]
(320, 333), -> [1]
(76, 307), -> [1]
(344, 280), -> [1]
(353, 295), -> [1]
(307, 121), -> [2]
(194, 174), -> [1]
(46, 44), -> [1]
(121, 65), -> [1]
(97, 68), -> [1]
(116, 68), -> [1]
(116, 77), -> [1]
(338, 80), -> [1]
(97, 87), -> [1]
